CC,TOTAL2021
0.5,0.054792339
0,1
0.75,0.077727454
0.25,0.290867654
1,0
